,time,price,volume
0,2021-06-15 15:41:32,130060.0,1
1,2021-06-15 15:41:32,130060.0,1
2,2021-06-15 15:41:33,130065.0,10
3,2021-06-15 15:41:33,130065.0,1
4,2021-06-15 15:41:34,130065.0,1
5,2021-06-15 15:41:34,130065.0,4
6,2021-06-15 15:41:35,130070.0,1
7,2021-06-15 15:41:35,130065.0,8
8,2021-06-15 15:41:36,130065.0,5
9,2021-06-15 15:41:36,130065.0,1
10,2021-06-15 15:41:37,130075.0,50
11,2021-06-15 15:41:37,130075.0,1
12,2021-06-15 15:41:38,130075.0,1
13,2021-06-15 15:41:38,130075.0,2
14,2021-06-15 15:41:39,130080.0,6
15,2021-06-15 15:41:40,130080.0,5
16,2021-06-15 15:41:40,130080.0,38
17,2021-06-15 15:41:41,130085.0,5
18,2021-06-15 15:41:41,130085.0,2
19,2021-06-15 15:41:42,130085.0,11
20,2021-06-15 15:41:42,130085.0,4
21,2021-06-15 15:41:43,130085.0,4
22,2021-06-15 15:41:43,130085.0,1
23,2021-06-15 15:41:44,130085.0,1
24,2021-06-15 15:41:44,130080.0,3
25,2021-06-15 15:41:45,130085.0,17
26,2021-06-15 15:41:45,130080.0,2
27,2021-06-15 15:41:46,130085.0,5
28,2021-06-15 15:41:46,130085.0,2
29,2021-06-15 15:41:47,130085.0,1
30,2021-06-15 15:41:47,130085.0,1
31,2021-06-15 15:41:48,130075.0,10
32,2021-06-15 15:41:48,130075.0,20
33,2021-06-15 15:41:49,130075.0,2
34,2021-06-15 15:41:50,130075.0,2
35,2021-06-15 15:41:50,130070.0,10
36,2021-06-15 15:41:50,130070.0,1
37,2021-06-15 15:41:51,130070.0,1
38,2021-06-15 15:41:52,130070.0,5
39,2021-06-15 15:41:52,130075.0,1
40,2021-06-15 15:41:53,130075.0,33
41,2021-06-15 15:41:53,130080.0,2
42,2021-06-15 15:41:54,130075.0,2
43,2021-06-15 15:41:54,130075.0,3
44,2021-06-15 15:41:55,130075.0,31
45,2021-06-15 15:41:55,130075.0,5
46,2021-06-15 15:41:56,130075.0,1
47,2021-06-15 15:41:56,130075.0,1
48,2021-06-15 15:41:57,130075.0,1
49,2021-06-15 15:41:57,130080.0,11
50,2021-06-15 15:41:58,130075.0,2
51,2021-06-15 15:41:59,130075.0,1
52,2021-06-15 15:41:59,130065.0,20
53,2021-06-15 15:42:00,130070.0,2
54,2021-06-15 15:42:00,130065.0,5
55,2021-06-15 15:42:01,130065.0,15
56,2021-06-15 15:42:01,130060.0,2
57,2021-06-15 15:42:02,130060.0,3
58,2021-06-15 15:42:02,130065.0,3
59,2021-06-15 15:42:03,130060.0,1
60,2021-06-15 15:42:03,130060.0,5
61,2021-06-15 15:42:04,130060.0,5
62,2021-06-15 15:42:04,130055.0,30
63,2021-06-15 15:42:05,130055.0,21
64,2021-06-15 15:42:05,130055.0,1
65,2021-06-15 15:42:06,130055.0,4
66,2021-06-15 15:42:06,130055.0,6
67,2021-06-15 15:42:07,130055.0,1
68,2021-06-15 15:42:07,130055.0,4
69,2021-06-15 15:42:08,130060.0,1
70,2021-06-15 15:42:08,130055.0,1
71,2021-06-15 15:42:09,130055.0,5
72,2021-06-15 15:42:09,130055.0,2
73,2021-06-15 15:42:10,130055.0,5
74,2021-06-15 15:42:11,130055.0,2
75,2021-06-15 15:42:11,130055.0,7
76,2021-06-15 15:42:12,130060.0,1
77,2021-06-15 15:42:12,130060.0,4
78,2021-06-15 15:42:12,130065.0,9
79,2021-06-15 15:42:13,130065.0,10
80,2021-06-15 15:42:14,130065.0,13
81,2021-06-15 15:42:14,130070.0,7
82,2021-06-15 15:42:15,130070.0,20
83,2021-06-15 15:42:15,130070.0,1
84,2021-06-15 15:42:15,130030.0,1
85,2021-06-15 15:42:16,130030.0,2
86,2021-06-15 15:42:17,130030.0,5
87,2021-06-15 15:42:17,130035.0,3
88,2021-06-15 15:42:18,130035.0,10
89,2021-06-15 15:42:18,130030.0,1
90,2021-06-15 15:42:19,130035.0,3
91,2021-06-15 15:42:19,130040.0,1
92,2021-06-15 15:42:20,130040.0,50
93,2021-06-15 15:42:20,130040.0,6
94,2021-06-15 15:42:21,130040.0,1
95,2021-06-15 15:42:21,130035.0,1
96,2021-06-15 15:42:22,130040.0,1
97,2021-06-15 15:42:23,130040.0,2
98,2021-06-15 15:42:23,130040.0,1
99,2021-06-15 15:42:24,130040.0,5
100,2021-06-15 15:42:24,130040.0,130
101,2021-06-15 15:42:25,130040.0,1
102,2021-06-15 15:42:25,130045.0,12
103,2021-06-15 15:42:26,130045.0,1
104,2021-06-15 15:42:26,130045.0,1
105,2021-06-15 15:42:27,130040.0,5
106,2021-06-15 15:42:27,130035.0,1
107,2021-06-15 15:42:28,130035.0,22
108,2021-06-15 15:42:28,130040.0,2
109,2021-06-15 15:42:29,130040.0,1
110,2021-06-15 15:42:29,130035.0,22
111,2021-06-15 15:42:30,130045.0,4
112,2021-06-15 15:42:30,130040.0,10
113,2021-06-15 15:42:31,130045.0,1
114,2021-06-15 15:42:31,130045.0,1
115,2021-06-15 15:42:32,130050.0,5
116,2021-06-15 15:42:32,130050.0,10
117,2021-06-15 15:42:33,130060.0,4
118,2021-06-15 15:42:33,130060.0,4
119,2021-06-15 15:42:34,130060.0,5
120,2021-06-15 15:42:35,130060.0,30
121,2021-06-15 15:42:35,130065.0,1
122,2021-06-15 15:42:36,130065.0,5
123,2021-06-15 15:42:36,130065.0,107
124,2021-06-15 15:42:37,130060.0,30
125,2021-06-15 15:42:37,130060.0,1
126,2021-06-15 15:42:38,130055.0,2
127,2021-06-15 15:42:38,130055.0,1
128,2021-06-15 15:42:39,130060.0,3
129,2021-06-15 15:42:39,130055.0,12
130,2021-06-15 15:42:40,130055.0,5
131,2021-06-15 15:42:40,130055.0,1
132,2021-06-15 15:42:41,130055.0,1
133,2021-06-15 15:42:41,130060.0,5
134,2021-06-15 15:42:42,130050.0,5
135,2021-06-15 15:42:42,130055.0,63
136,2021-06-15 15:42:43,130055.0,2
137,2021-06-15 15:42:43,130055.0,1
138,2021-06-15 15:42:44,130055.0,1
139,2021-06-15 15:42:44,130050.0,3
140,2021-06-15 15:42:45,130060.0,10
141,2021-06-15 15:42:45,130060.0,1
142,2021-06-15 15:42:46,130055.0,33
143,2021-06-15 15:42:46,130050.0,30
144,2021-06-15 15:42:47,130055.0,1
145,2021-06-15 15:42:48,130050.0,10
146,2021-06-15 15:42:48,130055.0,1
147,2021-06-15 15:42:49,130050.0,1
148,2021-06-15 15:42:49,130045.0,1
149,2021-06-15 15:42:50,130050.0,2
150,2021-06-15 15:42:50,130045.0,1
151,2021-06-15 15:42:51,130040.0,3
152,2021-06-15 15:42:51,130045.0,89
153,2021-06-15 15:42:52,130040.0,5
154,2021-06-15 15:42:52,130045.0,1
155,2021-06-15 15:42:53,130045.0,33
156,2021-06-15 15:42:53,130045.0,5
157,2021-06-15 15:42:54,130045.0,3
158,2021-06-15 15:42:54,130050.0,2
159,2021-06-15 15:42:55,130050.0,2
160,2021-06-15 15:42:55,130055.0,1
161,2021-06-15 15:42:56,130060.0,10
162,2021-06-15 15:42:56,130055.0,5
163,2021-06-15 15:42:57,130055.0,2
164,2021-06-15 15:42:58,130055.0,1
165,2021-06-15 15:42:58,130050.0,20
166,2021-06-15 15:42:59,130055.0,1
167,2021-06-15 15:42:59,130055.0,15
168,2021-06-15 15:43:00,130055.0,3
169,2021-06-15 15:43:00,130055.0,1
170,2021-06-15 15:43:01,130050.0,1
171,2021-06-15 15:43:01,130050.0,26
172,2021-06-15 15:43:02,130045.0,7
173,2021-06-15 15:43:02,130035.0,1
174,2021-06-15 15:43:03,130030.0,2
175,2021-06-15 15:43:03,130030.0,1
176,2021-06-15 15:43:04,130030.0,1
177,2021-06-15 15:43:04,130030.0,1
178,2021-06-15 15:43:05,130035.0,1
179,2021-06-15 15:43:05,130035.0,1
180,2021-06-15 15:43:06,130035.0,1
181,2021-06-15 15:43:06,130035.0,2
182,2021-06-15 15:43:07,130040.0,1
183,2021-06-15 15:43:07,130040.0,1
184,2021-06-15 15:43:08,130035.0,1
185,2021-06-15 15:43:08,130040.0,3
186,2021-06-15 15:43:09,130040.0,5
187,2021-06-15 15:43:10,130040.0,1
188,2021-06-15 15:43:10,130035.0,5
189,2021-06-15 15:43:11,130040.0,1
190,2021-06-15 15:43:11,130040.0,4
191,2021-06-15 15:43:12,130040.0,2
192,2021-06-15 15:43:12,130040.0,2
193,2021-06-15 15:43:13,130040.0,1
194,2021-06-15 15:43:13,130040.0,7
195,2021-06-15 15:43:14,130030.0,10
196,2021-06-15 15:43:14,130035.0,1
197,2021-06-15 15:43:15,130035.0,1
198,2021-06-15 15:43:15,130030.0,2
199,2021-06-15 15:43:16,130035.0,2
200,2021-06-15 15:43:16,130030.0,10
201,2021-06-15 15:43:17,130030.0,1
202,2021-06-15 15:43:17,130030.0,12
203,2021-06-15 15:43:18,130035.0,1
204,2021-06-15 15:43:18,130035.0,1
205,2021-06-15 15:43:19,130030.0,4
206,2021-06-15 15:43:19,130030.0,1
207,2021-06-15 15:43:20,130030.0,12
208,2021-06-15 15:43:20,130035.0,1
209,2021-06-15 15:43:21,130035.0,3
210,2021-06-15 15:43:22,130025.0,1
211,2021-06-15 15:43:22,130030.0,1
212,2021-06-15 15:43:23,130025.0,3
213,2021-06-15 15:43:23,130030.0,1
214,2021-06-15 15:43:24,130025.0,15
215,2021-06-15 15:43:24,130025.0,5
216,2021-06-15 15:43:25,130030.0,2
217,2021-06-15 15:43:25,130025.0,20
218,2021-06-15 15:43:26,130010.0,107
219,2021-06-15 15:43:26,130020.0,129
220,2021-06-15 15:43:27,130020.0,4
221,2021-06-15 15:43:27,130015.0,5
222,2021-06-15 15:43:28,130015.0,4
223,2021-06-15 15:43:28,130010.0,2
224,2021-06-15 15:43:29,130010.0,20
225,2021-06-15 15:43:29,130015.0,1
226,2021-06-15 15:43:30,130015.0,5
227,2021-06-15 15:43:30,130020.0,5
228,2021-06-15 15:43:31,130015.0,20
229,2021-06-15 15:43:31,130020.0,1
230,2021-06-15 15:43:32,130015.0,10
231,2021-06-15 15:43:33,130015.0,1
232,2021-06-15 15:43:33,130010.0,3
233,2021-06-15 15:43:34,130010.0,1
234,2021-06-15 15:43:34,130015.0,1
235,2021-06-15 15:43:35,130010.0,1
236,2021-06-15 15:43:35,130025.0,5
237,2021-06-15 15:43:36,130020.0,1
238,2021-06-15 15:43:36,130025.0,2
239,2021-06-15 15:43:37,130025.0,2
240,2021-06-15 15:43:37,130020.0,12
241,2021-06-15 15:43:38,130020.0,1
242,2021-06-15 15:43:38,130025.0,1
243,2021-06-15 15:43:39,130025.0,14
244,2021-06-15 15:43:39,130020.0,3
245,2021-06-15 15:43:40,130020.0,6
246,2021-06-15 15:43:40,130015.0,36
247,2021-06-15 15:43:41,130015.0,1
248,2021-06-15 15:43:41,130010.0,1
249,2021-06-15 15:43:42,130010.0,1
250,2021-06-15 15:43:42,130020.0,5
251,2021-06-15 15:43:43,130010.0,1
252,2021-06-15 15:43:43,130015.0,1
253,2021-06-15 15:43:44,130010.0,1
254,2021-06-15 15:43:44,130015.0,4
255,2021-06-15 15:43:45,130010.0,1
256,2021-06-15 15:43:45,130000.0,1
257,2021-06-15 15:43:46,130005.0,4
258,2021-06-15 15:43:47,130005.0,5
259,2021-06-15 15:43:47,130005.0,1
260,2021-06-15 15:43:48,130000.0,40
261,2021-06-15 15:43:48,130000.0,1
262,2021-06-15 15:43:49,130000.0,3
263,2021-06-15 15:43:49,130000.0,1
264,2021-06-15 15:43:50,130000.0,10
265,2021-06-15 15:43:50,130000.0,6
266,2021-06-15 15:43:51,129995.0,4
267,2021-06-15 15:43:51,129995.0,4
268,2021-06-15 15:43:52,130000.0,1
269,2021-06-15 15:43:52,129995.0,5
270,2021-06-15 15:43:53,130005.0,1
271,2021-06-15 15:43:53,130000.0,1
272,2021-06-15 15:43:54,130005.0,2
273,2021-06-15 15:43:54,130005.0,1
274,2021-06-15 15:43:55,130000.0,36
275,2021-06-15 15:43:55,129995.0,1
276,2021-06-15 15:43:56,129995.0,6
277,2021-06-15 15:43:57,130000.0,1
278,2021-06-15 15:43:57,129995.0,1
279,2021-06-15 15:43:58,129995.0,1
280,2021-06-15 15:43:58,129995.0,1
281,2021-06-15 15:43:59,130000.0,2
282,2021-06-15 15:43:59,129995.0,5
283,2021-06-15 15:44:00,129995.0,55
284,2021-06-15 15:44:00,129995.0,1
285,2021-06-15 15:44:01,129990.0,1
286,2021-06-15 15:44:01,129995.0,1
287,2021-06-15 15:44:02,129990.0,5
288,2021-06-15 15:44:02,129990.0,4
289,2021-06-15 15:44:03,129990.0,8
290,2021-06-15 15:44:03,129985.0,46
291,2021-06-15 15:44:04,129990.0,1
292,2021-06-15 15:44:04,129990.0,3
293,2021-06-15 15:44:05,129995.0,5
294,2021-06-15 15:44:05,130000.0,2
295,2021-06-15 15:44:06,130000.0,5
296,2021-06-15 15:44:06,130000.0,1
297,2021-06-15 15:44:07,130000.0,50
298,2021-06-15 15:44:07,129990.0,35
299,2021-06-15 15:44:08,129990.0,21
300,2021-06-15 15:44:08,129990.0,1
301,2021-06-15 15:44:09,129990.0,2
302,2021-06-15 15:44:10,130005.0,1
303,2021-06-15 15:44:10,130000.0,2
304,2021-06-15 15:44:11,130010.0,1
305,2021-06-15 15:44:11,130005.0,5
306,2021-06-15 15:44:12,130005.0,50
307,2021-06-15 15:44:12,130000.0,1
308,2021-06-15 15:44:13,130005.0,2
309,2021-06-15 15:44:13,130005.0,2
310,2021-06-15 15:44:14,130005.0,1
311,2021-06-15 15:44:14,130005.0,44
312,2021-06-15 15:44:15,130005.0,2
313,2021-06-15 15:44:15,130015.0,1
314,2021-06-15 15:44:16,130020.0,1
315,2021-06-15 15:44:16,130020.0,1
316,2021-06-15 15:44:17,130020.0,1
317,2021-06-15 15:44:17,130020.0,90
318,2021-06-15 15:44:18,130020.0,4
319,2021-06-15 15:44:18,130020.0,1
320,2021-06-15 15:44:19,130020.0,2
321,2021-06-15 15:44:19,130020.0,2
322,2021-06-15 15:44:20,130020.0,20
323,2021-06-15 15:44:21,130020.0,3
324,2021-06-15 15:44:21,130015.0,1
325,2021-06-15 15:44:21,130015.0,1
326,2021-06-15 15:44:22,130015.0,1
327,2021-06-15 15:44:23,130020.0,6
328,2021-06-15 15:44:23,130015.0,20
329,2021-06-15 15:44:24,130020.0,1
330,2021-06-15 15:44:24,130020.0,2
331,2021-06-15 15:44:25,130015.0,1
332,2021-06-15 15:44:25,130020.0,5
333,2021-06-15 15:44:26,130020.0,1
334,2021-06-15 15:44:26,130015.0,25
335,2021-06-15 15:44:27,130015.0,1
336,2021-06-15 15:44:27,130010.0,10
337,2021-06-15 15:44:28,130010.0,1
338,2021-06-15 15:44:28,130010.0,21
339,2021-06-15 15:44:29,130010.0,1
340,2021-06-15 15:44:29,130015.0,3
341,2021-06-15 15:44:30,130015.0,1
342,2021-06-15 15:44:30,130015.0,2
343,2021-06-15 15:44:31,130010.0,5
344,2021-06-15 15:44:31,130005.0,1
345,2021-06-15 15:44:32,129995.0,106
346,2021-06-15 15:44:33,129995.0,3
347,2021-06-15 15:44:33,129995.0,2
348,2021-06-15 15:44:34,130000.0,1
349,2021-06-15 15:44:34,130000.0,2
350,2021-06-15 15:44:35,130000.0,1
351,2021-06-15 15:44:35,129995.0,2
352,2021-06-15 15:44:36,129985.0,50
353,2021-06-15 15:44:36,129990.0,10
354,2021-06-15 15:44:37,129990.0,3
355,2021-06-15 15:44:37,129985.0,20
356,2021-06-15 15:44:38,129985.0,9
357,2021-06-15 15:44:38,129985.0,1
358,2021-06-15 15:44:39,129990.0,5
359,2021-06-15 15:44:39,129980.0,5
360,2021-06-15 15:44:40,129975.0,10
361,2021-06-15 15:44:40,129985.0,1
362,2021-06-15 15:44:41,129985.0,63
363,2021-06-15 15:44:41,129985.0,1
364,2021-06-15 15:44:42,129975.0,5
365,2021-06-15 15:44:42,129980.0,2
366,2021-06-15 15:44:43,129985.0,10
367,2021-06-15 15:44:43,129990.0,1
368,2021-06-15 15:44:44,129990.0,3
369,2021-06-15 15:44:45,129995.0,2
370,2021-06-15 15:44:45,129990.0,2
371,2021-06-15 15:44:46,129995.0,1
372,2021-06-15 15:44:46,129995.0,3
373,2021-06-15 15:44:47,129985.0,1
374,2021-06-15 15:44:47,129990.0,2
375,2021-06-15 15:44:48,129990.0,1
376,2021-06-15 15:44:48,129990.0,10
377,2021-06-15 15:44:49,129985.0,5
378,2021-06-15 15:44:49,129985.0,60
379,2021-06-15 15:44:50,129985.0,1
380,2021-06-15 15:44:50,129985.0,1
381,2021-06-15 15:44:51,129990.0,25
382,2021-06-15 15:44:51,129990.0,12
383,2021-06-15 15:44:52,129990.0,1
384,2021-06-15 15:44:52,129980.0,2
385,2021-06-15 15:44:53,129975.0,2
386,2021-06-15 15:44:53,129975.0,3
387,2021-06-15 15:44:54,129975.0,3
388,2021-06-15 15:44:54,129980.0,1
389,2021-06-15 15:44:55,129980.0,1
390,2021-06-15 15:44:56,129975.0,5
391,2021-06-15 15:44:56,129975.0,20
392,2021-06-15 15:44:57,129980.0,2
393,2021-06-15 15:44:57,129980.0,2
394,2021-06-15 15:44:58,129975.0,1
395,2021-06-15 15:44:58,129985.0,10
396,2021-06-15 15:44:59,129985.0,1
397,2021-06-15 15:44:59,129980.0,1
398,2021-06-15 15:45:00,129960.0,5
399,2021-06-15 15:45:00,129960.0,1
400,2021-06-15 15:45:01,129960.0,64
401,2021-06-15 15:45:01,129960.0,300
402,2021-06-15 15:45:02,129970.0,1
403,2021-06-15 15:45:02,129965.0,1
404,2021-06-15 15:45:03,129965.0,10
405,2021-06-15 15:45:03,129965.0,5
406,2021-06-15 15:45:04,129970.0,10
407,2021-06-15 15:45:04,129970.0,9
408,2021-06-15 15:45:05,129980.0,5
409,2021-06-15 15:45:05,129975.0,1
410,2021-06-15 15:45:06,129980.0,1
411,2021-06-15 15:45:06,129980.0,8
412,2021-06-15 15:45:07,129975.0,1
413,2021-06-15 15:45:08,129980.0,1
414,2021-06-15 15:45:08,129975.0,1
415,2021-06-15 15:45:09,129975.0,1
416,2021-06-15 15:45:09,129970.0,1
417,2021-06-15 15:45:10,129970.0,5
418,2021-06-15 15:45:10,129960.0,3
419,2021-06-15 15:45:11,129955.0,2
420,2021-06-15 15:45:11,129965.0,5
421,2021-06-15 15:45:12,129970.0,2
422,2021-06-15 15:45:12,129960.0,3
423,2021-06-15 15:45:13,129960.0,1
424,2021-06-15 15:45:13,129960.0,20
425,2021-06-15 15:45:14,129960.0,1
426,2021-06-15 15:45:14,129965.0,5
427,2021-06-15 15:45:15,129970.0,3
428,2021-06-15 15:45:15,129970.0,1
429,2021-06-15 15:45:16,129965.0,1
430,2021-06-15 15:45:16,129965.0,1
431,2021-06-15 15:45:17,129965.0,1
432,2021-06-15 15:45:18,129965.0,5
433,2021-06-15 15:45:18,129965.0,1
434,2021-06-15 15:45:19,129955.0,5
435,2021-06-15 15:45:19,129955.0,1
436,2021-06-15 15:45:20,129955.0,1
437,2021-06-15 15:45:20,129960.0,1
438,2021-06-15 15:45:21,129965.0,5
439,2021-06-15 15:45:21,129965.0,1
440,2021-06-15 15:45:22,129970.0,1
441,2021-06-15 15:45:22,129965.0,1
442,2021-06-15 15:45:23,129970.0,1
443,2021-06-15 15:45:23,129970.0,1
444,2021-06-15 15:45:24,129970.0,1
445,2021-06-15 15:45:24,129980.0,1
446,2021-06-15 15:45:25,129980.0,5
447,2021-06-15 15:45:25,129980.0,1
448,2021-06-15 15:45:26,129985.0,107
449,2021-06-15 15:45:26,129980.0,15
450,2021-06-15 15:45:27,129975.0,1
451,2021-06-15 15:45:27,129970.0,25
452,2021-06-15 15:45:28,129970.0,10
453,2021-06-15 15:45:28,129965.0,1
454,2021-06-15 15:45:29,129955.0,1
455,2021-06-15 15:45:30,129955.0,6
456,2021-06-15 15:45:30,129955.0,54
457,2021-06-15 15:45:31,129965.0,10
458,2021-06-15 15:45:31,129950.0,1
459,2021-06-15 15:45:32,129955.0,1
460,2021-06-15 15:45:32,129955.0,1
461,2021-06-15 15:45:33,129960.0,1
462,2021-06-15 15:45:33,129955.0,1
463,2021-06-15 15:45:34,129955.0,5
464,2021-06-15 15:45:34,129955.0,11
465,2021-06-15 15:45:35,129955.0,1
466,2021-06-15 15:45:35,129955.0,2
467,2021-06-15 15:45:36,129950.0,20
468,2021-06-15 15:45:36,129950.0,1
469,2021-06-15 15:45:37,129955.0,10
470,2021-06-15 15:45:37,129960.0,13
471,2021-06-15 15:45:38,129960.0,1
472,2021-06-15 15:45:38,129955.0,10
473,2021-06-15 15:45:39,129955.0,25
474,2021-06-15 15:45:39,129960.0,1
475,2021-06-15 15:45:40,129955.0,1
476,2021-06-15 15:45:40,129960.0,1
477,2021-06-15 15:45:41,129960.0,6
478,2021-06-15 15:45:42,129965.0,11
479,2021-06-15 15:45:42,129975.0,44
480,2021-06-15 15:45:43,129970.0,3
481,2021-06-15 15:45:43,129975.0,6
482,2021-06-15 15:45:44,129975.0,2
483,2021-06-15 15:45:44,129975.0,1
484,2021-06-15 15:45:45,129970.0,1
485,2021-06-15 15:45:45,129965.0,1
486,2021-06-15 15:45:46,129965.0,4
487,2021-06-15 15:45:46,129955.0,1
488,2021-06-15 15:45:47,129955.0,5
489,2021-06-15 15:45:47,129960.0,2
490,2021-06-15 15:45:48,129965.0,1
491,2021-06-15 15:45:48,129955.0,18
492,2021-06-15 15:45:49,129965.0,1
493,2021-06-15 15:45:49,129965.0,1
494,2021-06-15 15:45:50,129965.0,1
495,2021-06-15 15:45:50,129975.0,3
496,2021-06-15 15:45:51,129970.0,1
497,2021-06-15 15:45:52,129975.0,13
498,2021-06-15 15:45:52,129970.0,15
499,2021-06-15 15:45:53,129975.0,1
500,2021-06-15 15:45:53,129980.0,5
501,2021-06-15 15:45:54,129980.0,1
502,2021-06-15 15:45:54,129980.0,5
503,2021-06-15 15:45:55,129980.0,27
504,2021-06-15 15:45:55,129980.0,10
505,2021-06-15 15:45:56,129975.0,8
506,2021-06-15 15:45:56,129975.0,3
507,2021-06-15 15:45:57,129970.0,2
508,2021-06-15 15:45:57,129970.0,5
509,2021-06-15 15:45:58,129965.0,25
510,2021-06-15 15:45:58,129965.0,1
511,2021-06-15 15:45:59,129960.0,10
512,2021-06-15 15:45:59,129965.0,1
513,2021-06-15 15:46:00,129970.0,2
514,2021-06-15 15:46:00,129960.0,11
515,2021-06-15 15:46:01,129960.0,1
516,2021-06-15 15:46:01,129960.0,1
517,2021-06-15 15:46:02,129955.0,2
518,2021-06-15 15:46:02,129960.0,1
519,2021-06-15 15:46:03,129955.0,1
520,2021-06-15 15:46:03,129960.0,1
521,2021-06-15 15:46:04,129970.0,3
522,2021-06-15 15:46:05,129970.0,1
523,2021-06-15 15:46:05,129975.0,13
524,2021-06-15 15:46:06,129970.0,3
525,2021-06-15 15:46:06,129975.0,27
526,2021-06-15 15:46:07,129980.0,25
527,2021-06-15 15:46:07,129975.0,70
528,2021-06-15 15:46:08,129980.0,5
529,2021-06-15 15:46:08,129970.0,1
530,2021-06-15 15:46:09,129970.0,2
531,2021-06-15 15:46:09,129970.0,1
532,2021-06-15 15:46:10,129980.0,5
533,2021-06-15 15:46:10,129980.0,22
534,2021-06-15 15:46:11,129980.0,2
535,2021-06-15 15:46:11,129975.0,1
536,2021-06-15 15:46:12,129975.0,1
537,2021-06-15 15:46:12,129975.0,20
538,2021-06-15 15:46:13,129975.0,1
539,2021-06-15 15:46:13,129975.0,2
540,2021-06-15 15:46:14,129970.0,3
541,2021-06-15 15:46:14,129975.0,1
542,2021-06-15 15:46:15,129970.0,8
543,2021-06-15 15:46:16,129975.0,50
544,2021-06-15 15:46:16,129970.0,2
545,2021-06-15 15:46:17,129975.0,1
546,2021-06-15 15:46:17,129975.0,10
547,2021-06-15 15:46:18,129970.0,10
548,2021-06-15 15:46:18,129980.0,5
549,2021-06-15 15:46:19,129980.0,1
550,2021-06-15 15:46:19,129980.0,18
551,2021-06-15 15:46:20,129975.0,1
552,2021-06-15 15:46:20,129980.0,34
553,2021-06-15 15:46:21,129980.0,13
554,2021-06-15 15:46:21,129980.0,1
555,2021-06-15 15:46:22,129980.0,1
556,2021-06-15 15:46:22,129975.0,1
557,2021-06-15 15:46:23,129970.0,1
558,2021-06-15 15:46:23,129970.0,1
559,2021-06-15 15:46:24,129980.0,1
560,2021-06-15 15:46:24,129975.0,1
561,2021-06-15 15:46:25,129975.0,1
562,2021-06-15 15:46:25,129980.0,1
563,2021-06-15 15:46:26,129980.0,23
564,2021-06-15 15:46:26,129975.0,2
565,2021-06-15 15:46:27,129975.0,20
566,2021-06-15 15:46:27,129975.0,2
567,2021-06-15 15:46:28,129980.0,52
568,2021-06-15 15:46:29,129975.0,40
569,2021-06-15 15:46:29,129975.0,1
570,2021-06-15 15:46:30,129980.0,3
571,2021-06-15 15:46:30,129980.0,2
572,2021-06-15 15:46:31,129980.0,1
573,2021-06-15 15:46:31,129980.0,1
574,2021-06-15 15:46:32,129985.0,50
575,2021-06-15 15:46:32,129985.0,1
576,2021-06-15 15:46:33,129985.0,8
577,2021-06-15 15:46:33,129985.0,3
578,2021-06-15 15:46:34,129990.0,2
579,2021-06-15 15:46:34,129990.0,97
580,2021-06-15 15:46:35,129990.0,4
581,2021-06-15 15:46:35,129990.0,192
582,2021-06-15 15:46:36,129985.0,4
583,2021-06-15 15:46:36,129990.0,10
584,2021-06-15 15:46:37,129990.0,9
585,2021-06-15 15:46:37,129995.0,5
586,2021-06-15 15:46:38,129990.0,1
587,2021-06-15 15:46:38,129990.0,1
588,2021-06-15 15:46:39,129990.0,1
589,2021-06-15 15:46:39,129985.0,3
590,2021-06-15 15:46:40,129980.0,20
591,2021-06-15 15:46:40,129975.0,1
592,2021-06-15 15:46:41,129980.0,1
593,2021-06-15 15:46:42,129970.0,1
594,2021-06-15 15:46:42,129970.0,1
595,2021-06-15 15:46:43,129975.0,5
596,2021-06-15 15:46:43,129975.0,2
597,2021-06-15 15:46:44,129960.0,2
598,2021-06-15 15:46:44,129955.0,1
599,2021-06-15 15:46:45,129955.0,5
600,2021-06-15 15:46:45,129965.0,1
601,2021-06-15 15:46:46,129960.0,1
602,2021-06-15 15:46:46,129955.0,10
603,2021-06-15 15:46:47,129955.0,1
604,2021-06-15 15:46:47,129955.0,1
605,2021-06-15 15:46:48,129955.0,4
606,2021-06-15 15:46:48,129955.0,1
607,2021-06-15 15:46:49,129950.0,1
608,2021-06-15 15:46:49,129950.0,1
609,2021-06-15 15:46:50,129955.0,1
610,2021-06-15 15:46:50,129955.0,1
611,2021-06-15 15:46:51,129955.0,1
612,2021-06-15 15:46:51,129965.0,1
613,2021-06-15 15:46:52,129965.0,1
614,2021-06-15 15:46:52,129960.0,1
615,2021-06-15 15:46:53,129960.0,2
616,2021-06-15 15:46:54,129960.0,68
617,2021-06-15 15:46:54,129960.0,21
618,2021-06-15 15:46:55,129960.0,1
619,2021-06-15 15:46:55,129945.0,6
620,2021-06-15 15:46:56,129950.0,5
621,2021-06-15 15:46:56,129945.0,8
622,2021-06-15 15:46:57,129955.0,5
623,2021-06-15 15:46:57,129950.0,20
624,2021-06-15 15:46:58,129950.0,1
625,2021-06-15 15:46:58,129950.0,10
626,2021-06-15 15:46:59,129950.0,3
627,2021-06-15 15:46:59,129945.0,16
628,2021-06-15 15:47:00,129945.0,78
629,2021-06-15 15:47:00,129935.0,1
630,2021-06-15 15:47:01,129925.0,3
631,2021-06-15 15:47:01,129935.0,20
632,2021-06-15 15:47:02,129935.0,1
633,2021-06-15 15:47:02,129930.0,1
634,2021-06-15 15:47:03,129935.0,1
635,2021-06-15 15:47:03,129930.0,1
636,2021-06-15 15:47:04,129935.0,2
637,2021-06-15 15:47:05,129935.0,1
638,2021-06-15 15:47:05,129940.0,1
639,2021-06-15 15:47:06,129940.0,1
640,2021-06-15 15:47:06,129940.0,70
641,2021-06-15 15:47:07,129940.0,1
642,2021-06-15 15:47:07,129935.0,2
643,2021-06-15 15:47:08,129935.0,1
644,2021-06-15 15:47:08,129935.0,5
645,2021-06-15 15:47:09,129940.0,10
646,2021-06-15 15:47:09,129935.0,5
647,2021-06-15 15:47:10,129940.0,1
648,2021-06-15 15:47:10,129940.0,5
649,2021-06-15 15:47:11,129930.0,3
650,2021-06-15 15:47:11,129940.0,16
651,2021-06-15 15:47:12,129940.0,1
652,2021-06-15 15:47:12,129940.0,1
653,2021-06-15 15:47:13,129945.0,1
654,2021-06-15 15:47:13,129945.0,1
655,2021-06-15 15:47:14,129940.0,4
656,2021-06-15 15:47:15,129950.0,1
657,2021-06-15 15:47:15,129955.0,184
658,2021-06-15 15:47:16,129955.0,27
659,2021-06-15 15:47:16,129950.0,2
660,2021-06-15 15:47:17,129955.0,21
661,2021-06-15 15:47:17,129955.0,1
662,2021-06-15 15:47:18,129955.0,1
663,2021-06-15 15:47:18,129960.0,25
664,2021-06-15 15:47:19,129960.0,1
665,2021-06-15 15:47:19,129965.0,6
666,2021-06-15 15:47:20,129965.0,1
667,2021-06-15 15:47:20,129965.0,12
668,2021-06-15 15:47:21,129960.0,83
669,2021-06-15 15:47:21,129970.0,2
670,2021-06-15 15:47:22,129975.0,3
671,2021-06-15 15:47:22,129975.0,57
672,2021-06-15 15:47:23,129970.0,1
673,2021-06-15 15:47:23,129965.0,1
674,2021-06-15 15:47:24,129970.0,53
675,2021-06-15 15:47:24,129970.0,1
676,2021-06-15 15:47:25,129965.0,1
677,2021-06-15 15:47:26,129965.0,1
678,2021-06-15 15:47:26,129960.0,1
679,2021-06-15 15:47:27,129955.0,4
680,2021-06-15 15:47:27,129960.0,2
681,2021-06-15 15:47:28,129960.0,1
682,2021-06-15 15:47:28,129965.0,50
683,2021-06-15 15:47:29,129965.0,1
684,2021-06-15 15:47:29,129965.0,132
685,2021-06-15 15:47:30,129960.0,1
686,2021-06-15 15:47:30,129965.0,1
687,2021-06-15 15:47:31,129970.0,5
688,2021-06-15 15:47:31,129970.0,50
689,2021-06-15 15:47:32,129970.0,19
690,2021-06-15 15:47:32,129970.0,5
691,2021-06-15 15:47:33,129980.0,1
692,2021-06-15 15:47:33,129980.0,2
693,2021-06-15 15:47:34,129980.0,1
694,2021-06-15 15:47:34,129980.0,2
695,2021-06-15 15:47:35,129970.0,1
696,2021-06-15 15:47:35,129975.0,43
697,2021-06-15 15:47:36,129975.0,1
698,2021-06-15 15:47:36,129980.0,1
699,2021-06-15 15:47:37,129975.0,10
700,2021-06-15 15:47:37,129980.0,1
701,2021-06-15 15:47:38,129980.0,8
702,2021-06-15 15:47:39,129970.0,3
703,2021-06-15 15:47:39,129970.0,1
704,2021-06-15 15:47:39,129975.0,2
705,2021-06-15 15:47:40,129975.0,10
706,2021-06-15 15:47:41,129970.0,1
707,2021-06-15 15:47:41,129970.0,2
708,2021-06-15 15:47:41,129975.0,4
709,2021-06-15 15:47:42,129980.0,1
710,2021-06-15 15:47:43,129970.0,50
711,2021-06-15 15:47:43,129970.0,2
712,2021-06-15 15:47:44,129970.0,1
713,2021-06-15 15:47:44,129975.0,5
714,2021-06-15 15:47:45,129975.0,6
715,2021-06-15 15:47:45,129980.0,1
716,2021-06-15 15:47:46,129980.0,1
717,2021-06-15 15:47:46,129980.0,1
718,2021-06-15 15:47:47,129980.0,2
719,2021-06-15 15:47:47,129975.0,2
720,2021-06-15 15:47:48,129975.0,3
721,2021-06-15 15:47:48,129975.0,1
722,2021-06-15 15:47:49,129980.0,1
723,2021-06-15 15:47:50,129970.0,20
724,2021-06-15 15:47:50,129970.0,1
725,2021-06-15 15:47:51,129975.0,1
726,2021-06-15 15:47:51,129970.0,5
727,2021-06-15 15:47:52,129975.0,10
728,2021-06-15 15:47:52,129970.0,1
729,2021-06-15 15:47:53,129970.0,1
730,2021-06-15 15:47:53,129970.0,1
731,2021-06-15 15:47:54,129970.0,1
732,2021-06-15 15:47:54,129970.0,36
733,2021-06-15 15:47:55,129965.0,1
734,2021-06-15 15:47:55,129965.0,4
735,2021-06-15 15:47:56,129965.0,6
736,2021-06-15 15:47:56,129965.0,4
737,2021-06-15 15:47:57,129970.0,25
738,2021-06-15 15:47:57,129965.0,1
739,2021-06-15 15:47:58,129970.0,1
740,2021-06-15 15:47:58,129965.0,10
741,2021-06-15 15:47:59,129965.0,1
742,2021-06-15 15:47:59,129965.0,2
743,2021-06-15 15:48:00,129970.0,1
744,2021-06-15 15:48:00,129955.0,5
745,2021-06-15 15:48:01,129955.0,1
746,2021-06-15 15:48:01,129960.0,5
747,2021-06-15 15:48:02,129950.0,373
748,2021-06-15 15:48:03,129950.0,1
749,2021-06-15 15:48:03,129950.0,3
750,2021-06-15 15:48:04,129950.0,23
751,2021-06-15 15:48:04,129950.0,3
752,2021-06-15 15:48:05,129950.0,2
753,2021-06-15 15:48:05,129950.0,5
754,2021-06-15 15:48:06,129955.0,40
755,2021-06-15 15:48:06,129945.0,5
756,2021-06-15 15:48:07,129945.0,100
757,2021-06-15 15:48:07,129945.0,1
758,2021-06-15 15:48:08,129950.0,1
759,2021-06-15 15:48:08,129950.0,2
760,2021-06-15 15:48:09,129950.0,6
761,2021-06-15 15:48:09,129955.0,1
762,2021-06-15 15:48:10,129950.0,5
763,2021-06-15 15:48:10,129950.0,1
764,2021-06-15 15:48:11,129955.0,12
765,2021-06-15 15:48:11,129955.0,2
766,2021-06-15 15:48:12,129955.0,1
767,2021-06-15 15:48:13,129950.0,1
768,2021-06-15 15:48:13,129955.0,1
769,2021-06-15 15:48:13,129950.0,20
770,2021-06-15 15:48:14,129955.0,2
771,2021-06-15 15:48:15,129960.0,20
772,2021-06-15 15:48:15,129965.0,1
773,2021-06-15 15:48:16,129970.0,50
774,2021-06-15 15:48:16,129970.0,14
775,2021-06-15 15:48:17,129970.0,131
776,2021-06-15 15:48:17,129970.0,60
777,2021-06-15 15:48:18,129965.0,2
778,2021-06-15 15:48:18,129965.0,5
779,2021-06-15 15:48:19,129965.0,1
780,2021-06-15 15:48:19,129960.0,1
781,2021-06-15 15:48:20,129965.0,1
782,2021-06-15 15:48:20,129965.0,1
783,2021-06-15 15:48:21,129960.0,3
784,2021-06-15 15:48:21,129965.0,1
785,2021-06-15 15:48:22,129960.0,1
786,2021-06-15 15:48:22,129960.0,1
787,2021-06-15 15:48:23,129970.0,1
788,2021-06-15 15:48:24,129965.0,3
789,2021-06-15 15:48:24,129965.0,1
790,2021-06-15 15:48:25,129965.0,1
791,2021-06-15 15:48:25,129970.0,6
792,2021-06-15 15:48:26,129970.0,19
793,2021-06-15 15:48:26,129970.0,44
794,2021-06-15 15:48:27,129965.0,1
795,2021-06-15 15:48:27,129965.0,1
796,2021-06-15 15:48:28,129965.0,2
797,2021-06-15 15:48:28,129970.0,30
798,2021-06-15 15:48:29,129965.0,1
799,2021-06-15 15:48:29,129960.0,27
800,2021-06-15 15:48:30,129960.0,5
801,2021-06-15 15:48:30,129955.0,1
802,2021-06-15 15:48:31,129960.0,1
803,2021-06-15 15:48:31,129955.0,1
804,2021-06-15 15:48:32,129955.0,2
805,2021-06-15 15:48:32,129960.0,19
806,2021-06-15 15:48:33,129965.0,31
807,2021-06-15 15:48:34,129965.0,44
808,2021-06-15 15:48:34,129960.0,3
809,2021-06-15 15:48:35,129960.0,10
810,2021-06-15 15:48:35,129965.0,1
811,2021-06-15 15:48:36,129965.0,1
812,2021-06-15 15:48:36,129965.0,24
813,2021-06-15 15:48:37,129975.0,1
814,2021-06-15 15:48:37,129975.0,29
815,2021-06-15 15:48:38,129975.0,5
816,2021-06-15 15:48:38,129970.0,1
817,2021-06-15 15:48:39,129975.0,108
818,2021-06-15 15:48:39,129985.0,5
819,2021-06-15 15:48:40,129990.0,2
820,2021-06-15 15:48:40,129995.0,5
821,2021-06-15 15:48:41,129985.0,1
822,2021-06-15 15:48:41,129990.0,1
823,2021-06-15 15:48:42,129990.0,2
824,2021-06-15 15:48:42,129990.0,5
825,2021-06-15 15:48:43,129990.0,1
826,2021-06-15 15:48:44,129995.0,40
827,2021-06-15 15:48:44,129990.0,10
828,2021-06-15 15:48:45,129990.0,36
829,2021-06-15 15:48:45,129995.0,1
830,2021-06-15 15:48:46,129990.0,32
831,2021-06-15 15:48:46,130000.0,1
832,2021-06-15 15:48:47,129990.0,1
833,2021-06-15 15:48:47,130000.0,1
834,2021-06-15 15:48:48,130005.0,25
835,2021-06-15 15:48:48,130005.0,1
836,2021-06-15 15:48:49,130005.0,6
837,2021-06-15 15:48:49,130005.0,1
838,2021-06-15 15:48:50,130005.0,5
839,2021-06-15 15:48:50,130015.0,1
840,2021-06-15 15:48:51,130020.0,4
841,2021-06-15 15:48:51,130010.0,2
842,2021-06-15 15:48:52,130020.0,11
843,2021-06-15 15:48:52,130020.0,50
844,2021-06-15 15:48:53,130020.0,1
845,2021-06-15 15:48:53,130020.0,50
846,2021-06-15 15:48:54,130015.0,5
847,2021-06-15 15:48:54,130025.0,3
848,2021-06-15 15:48:55,130015.0,1
849,2021-06-15 15:48:56,130020.0,1
850,2021-06-15 15:48:56,130020.0,5
851,2021-06-15 15:48:57,130010.0,3
852,2021-06-15 15:48:57,130010.0,5
853,2021-06-15 15:48:58,130010.0,1
854,2021-06-15 15:48:58,130015.0,25
855,2021-06-15 15:48:59,130015.0,1
856,2021-06-15 15:48:59,130010.0,5
857,2021-06-15 15:49:00,130010.0,5
858,2021-06-15 15:49:00,130010.0,4
859,2021-06-15 15:49:01,130030.0,3
860,2021-06-15 15:49:01,130030.0,1
861,2021-06-15 15:49:02,130035.0,1
862,2021-06-15 15:49:02,130030.0,1
863,2021-06-15 15:49:03,130035.0,2
864,2021-06-15 15:49:03,130030.0,2
865,2021-06-15 15:49:04,130025.0,1
866,2021-06-15 15:49:04,130030.0,12
867,2021-06-15 15:49:05,130025.0,5
868,2021-06-15 15:49:05,130025.0,50
869,2021-06-15 15:49:06,130025.0,2
870,2021-06-15 15:49:07,130030.0,1
871,2021-06-15 15:49:07,130025.0,8
872,2021-06-15 15:49:08,130030.0,1
873,2021-06-15 15:49:08,130035.0,2
874,2021-06-15 15:49:09,130025.0,1
875,2021-06-15 15:49:09,130030.0,1
876,2021-06-15 15:49:10,130025.0,1
877,2021-06-15 15:49:10,130025.0,1
878,2021-06-15 15:49:11,130030.0,32
879,2021-06-15 15:49:11,130025.0,100
880,2021-06-15 15:49:12,130030.0,5
881,2021-06-15 15:49:12,130035.0,3
882,2021-06-15 15:49:13,130035.0,5
883,2021-06-15 15:49:13,130040.0,2
884,2021-06-15 15:49:14,130035.0,1
885,2021-06-15 15:49:14,130035.0,10
886,2021-06-15 15:49:15,130030.0,1
887,2021-06-15 15:49:15,130040.0,2
888,2021-06-15 15:49:16,130035.0,18
889,2021-06-15 15:49:16,130040.0,1
890,2021-06-15 15:49:17,130040.0,10
891,2021-06-15 15:49:18,130035.0,1
892,2021-06-15 15:49:18,130035.0,2
893,2021-06-15 15:49:19,130040.0,1
894,2021-06-15 15:49:19,130040.0,5
895,2021-06-15 15:49:20,130030.0,1
896,2021-06-15 15:49:20,130040.0,24
897,2021-06-15 15:49:21,130045.0,1
898,2021-06-15 15:49:21,130040.0,17
899,2021-06-15 15:49:22,130040.0,1
900,2021-06-15 15:49:22,130040.0,1
901,2021-06-15 15:49:23,130045.0,4
902,2021-06-15 15:49:23,130040.0,1
903,2021-06-15 15:49:24,130040.0,1
904,2021-06-15 15:49:24,130045.0,1
905,2021-06-15 15:49:25,130040.0,1
906,2021-06-15 15:49:25,130040.0,82
907,2021-06-15 15:49:26,130045.0,2
908,2021-06-15 15:49:26,130045.0,1
909,2021-06-15 15:49:27,130045.0,1
910,2021-06-15 15:49:28,130055.0,3
911,2021-06-15 15:49:28,130060.0,5
912,2021-06-15 15:49:29,130060.0,3
913,2021-06-15 15:49:29,130060.0,10
914,2021-06-15 15:49:30,130065.0,1
915,2021-06-15 15:49:30,130065.0,1
916,2021-06-15 15:49:31,130065.0,10
917,2021-06-15 15:49:31,130060.0,1
918,2021-06-15 15:49:32,130060.0,5
919,2021-06-15 15:49:32,130065.0,1
920,2021-06-15 15:49:33,130060.0,15
921,2021-06-15 15:49:33,130065.0,5
922,2021-06-15 15:49:34,130060.0,1
923,2021-06-15 15:49:34,130065.0,10
924,2021-06-15 15:49:35,130065.0,1
925,2021-06-15 15:49:35,130070.0,1
926,2021-06-15 15:49:36,130065.0,4
927,2021-06-15 15:49:36,130070.0,1
928,2021-06-15 15:49:37,130065.0,2
929,2021-06-15 15:49:37,130075.0,5
930,2021-06-15 15:49:38,130070.0,4
931,2021-06-15 15:49:38,130070.0,1
932,2021-06-15 15:49:39,130080.0,1
933,2021-06-15 15:49:40,130080.0,25
934,2021-06-15 15:49:40,130075.0,1
935,2021-06-15 15:49:41,130080.0,1
936,2021-06-15 15:49:41,130080.0,1
937,2021-06-15 15:49:42,130085.0,5
938,2021-06-15 15:49:42,130080.0,1
939,2021-06-15 15:49:43,130075.0,1
940,2021-06-15 15:49:43,130075.0,10
941,2021-06-15 15:49:44,130075.0,3
942,2021-06-15 15:49:44,130075.0,1
943,2021-06-15 15:49:45,130075.0,1
944,2021-06-15 15:49:45,130075.0,4
945,2021-06-15 15:49:46,130070.0,1
946,2021-06-15 15:49:46,130070.0,44
947,2021-06-15 15:49:47,130065.0,5
948,2021-06-15 15:49:47,130060.0,3
949,2021-06-15 15:49:48,130060.0,1
950,2021-06-15 15:49:48,130060.0,4
951,2021-06-15 15:49:49,130065.0,1
952,2021-06-15 15:49:49,130050.0,5
953,2021-06-15 15:49:50,130050.0,5
954,2021-06-15 15:49:51,130050.0,1
955,2021-06-15 15:49:51,130045.0,60
956,2021-06-15 15:49:52,130040.0,10
957,2021-06-15 15:49:52,130040.0,1
958,2021-06-15 15:49:53,130040.0,2
959,2021-06-15 15:49:53,130040.0,2
960,2021-06-15 15:49:54,130035.0,5
961,2021-06-15 15:49:54,130035.0,2
962,2021-06-15 15:49:55,130035.0,24
963,2021-06-15 15:49:55,130040.0,1
964,2021-06-15 15:49:56,130045.0,3
965,2021-06-15 15:49:56,130045.0,1
966,2021-06-15 15:49:57,130040.0,1
967,2021-06-15 15:49:57,130050.0,2
968,2021-06-15 15:49:58,130045.0,1
969,2021-06-15 15:49:58,130050.0,1
970,2021-06-15 15:49:59,130050.0,3
971,2021-06-15 15:49:59,130050.0,3
972,2021-06-15 15:50:00,130065.0,20
973,2021-06-15 15:50:01,130065.0,2
974,2021-06-15 15:50:01,130060.0,5
975,2021-06-15 15:50:02,130060.0,5
976,2021-06-15 15:50:02,130060.0,20
977,2021-06-15 15:50:03,130055.0,10
978,2021-06-15 15:50:03,130060.0,200
979,2021-06-15 15:50:04,130065.0,1
980,2021-06-15 15:50:04,130070.0,2
981,2021-06-15 15:50:05,130070.0,2
982,2021-06-15 15:50:05,130065.0,2
983,2021-06-15 15:50:06,130075.0,50
984,2021-06-15 15:50:06,130075.0,1
985,2021-06-15 15:50:07,130070.0,36
986,2021-06-15 15:50:07,130080.0,1
987,2021-06-15 15:50:08,130085.0,2
988,2021-06-15 15:50:08,130090.0,3
989,2021-06-15 15:50:09,130090.0,1
990,2021-06-15 15:50:09,130090.0,20
991,2021-06-15 15:50:10,130080.0,1
992,2021-06-15 15:50:11,130080.0,25
993,2021-06-15 15:50:11,130085.0,20
994,2021-06-15 15:50:12,130095.0,1
995,2021-06-15 15:50:12,130095.0,1
996,2021-06-15 15:50:13,130095.0,1
997,2021-06-15 15:50:13,130090.0,1
998,2021-06-15 15:50:14,130095.0,1
999,2021-06-15 15:50:14,130095.0,20
1000,2021-06-15 15:50:15,130100.0,1
1001,2021-06-15 15:50:15,130100.0,10
1002,2021-06-15 15:50:16,130105.0,10
1003,2021-06-15 15:50:16,130100.0,3
1004,2021-06-15 15:50:17,130105.0,8
1005,2021-06-15 15:50:17,130100.0,1
1006,2021-06-15 15:50:17,130100.0,1
1007,2021-06-15 15:50:17,130100.0,1
1008,2021-06-15 15:50:17,130100.0,1
1009,2021-06-15 15:50:17,130100.0,1
1010,2021-06-15 15:50:17,130100.0,1
1011,2021-06-15 15:50:17,130100.0,1
1012,2021-06-15 15:50:17,130100.0,1
1013,2021-06-15 15:50:17,130100.0,1
1014,2021-06-15 15:50:17,130100.0,1
1015,2021-06-15 15:50:17,130100.0,1
1016,2021-06-15 15:50:17,130100.0,1
1017,2021-06-15 15:50:17,130100.0,1
1018,2021-06-15 15:50:17,130100.0,1
1019,2021-06-15 15:50:17,130100.0,1
1020,2021-06-15 15:50:17,130100.0,1
1021,2021-06-15 15:50:17,130100.0,1
1022,2021-06-15 15:50:17,130100.0,1
1023,2021-06-15 15:50:17,130100.0,1
1024,2021-06-15 15:50:17,130100.0,1
1025,2021-06-15 15:50:17,130100.0,1
1026,2021-06-15 15:50:17,130100.0,1
1027,2021-06-15 15:50:17,130100.0,1
1028,2021-06-15 15:50:17,130100.0,1
1029,2021-06-15 15:50:30,130095.0,36
1030,2021-06-15 15:50:31,130095.0,1
1031,2021-06-15 15:50:31,130100.0,1
1032,2021-06-15 15:50:32,130105.0,1
1033,2021-06-15 15:50:32,130100.0,1
1034,2021-06-15 15:50:33,130100.0,3
1035,2021-06-15 15:50:33,130105.0,10
1036,2021-06-15 15:50:34,130100.0,1
1037,2021-06-15 15:50:34,130100.0,5
1038,2021-06-15 15:50:35,130105.0,1
1039,2021-06-15 15:50:35,130100.0,1
1040,2021-06-15 15:50:36,130105.0,1
1041,2021-06-15 15:50:36,130100.0,7
1042,2021-06-15 15:50:37,130100.0,2
1043,2021-06-15 15:50:37,130100.0,11
1044,2021-06-15 15:50:38,130095.0,1
1045,2021-06-15 15:50:39,130090.0,10
1046,2021-06-15 15:50:39,130095.0,2
1047,2021-06-15 15:50:40,130090.0,3
1048,2021-06-15 15:50:40,130085.0,1
1049,2021-06-15 15:50:41,130085.0,29
1050,2021-06-15 15:50:41,130085.0,2
1051,2021-06-15 15:50:42,130090.0,1
1052,2021-06-15 15:50:42,130080.0,2
1053,2021-06-15 15:50:43,130080.0,100
1054,2021-06-15 15:50:43,130080.0,2
1055,2021-06-15 15:50:44,130080.0,1
1056,2021-06-15 15:50:44,130075.0,2
1057,2021-06-15 15:50:45,130070.0,1
1058,2021-06-15 15:50:45,130065.0,1
1059,2021-06-15 15:50:46,130070.0,25
1060,2021-06-15 15:50:46,130070.0,2
1061,2021-06-15 15:50:47,130070.0,2
1062,2021-06-15 15:50:48,130070.0,1
1063,2021-06-15 15:50:48,130075.0,1
1064,2021-06-15 15:50:49,130070.0,5
1065,2021-06-15 15:50:49,130065.0,5
1066,2021-06-15 15:50:50,130065.0,12
1067,2021-06-15 15:50:50,130065.0,2
1068,2021-06-15 15:50:51,130065.0,1
1069,2021-06-15 15:50:51,130070.0,1
1070,2021-06-15 15:50:52,130075.0,1
1071,2021-06-15 15:50:52,130070.0,2
1072,2021-06-15 15:50:53,130075.0,5
1073,2021-06-15 15:50:53,130070.0,1
1074,2021-06-15 15:50:54,130070.0,1
1075,2021-06-15 15:50:54,130060.0,2
1076,2021-06-15 15:50:55,130060.0,1
1077,2021-06-15 15:50:55,130055.0,3
1078,2021-06-15 15:50:56,130060.0,2
1079,2021-06-15 15:50:56,130060.0,1
1080,2021-06-15 15:50:57,130065.0,2
1081,2021-06-15 15:50:58,130060.0,1
1082,2021-06-15 15:50:58,130065.0,1
